Name,Layup,Mass_kg,EI_avg_Nm2,GJ_avg_Nm2,Kbt_indicator_avg_Nm2,TipDeflection_mm,TipTwistTotal_deg,WashBehavior,V_div_mps,f_bending_hz,f_torsion_hz,FrequencySeparation,V_flutter_screen_mps,V_flutter_over_Vcruise,Pass_1p5x_Cruise,FreqFactor,WashFactor,DeflectionFactor
baseline_quasi_iso,[0/45/-45/90/90/-45/45/0],2.41428,17422.1521818127,19516.3528757332,1068.29607206336,47.19341024,-0.009880078,washout,328.199582370251,9.14841981023097,84.268288614276,9.21123979466224,235.047285709366,5.87618214273415,1,1.25,1.009880078,0.915051861568
axial_stiff,[0/0/45/-45/-45/45/0/0],2.41428,25676.7717064342,19516.3528757332,609.283367567844,32.02157906,0.031891896,wash-in,328.199582370251,11.106197547481,84.268288614276,7.58750132563499,215.724570531531,5.39311426328828,1,1.25,0.9,0.942361157692
torsion_stiff,[45/-45/45/-45/-45/45/-45/45],2.41428,5876.40846125322,34151.5700762935,1612.11459200884,139.9172267,-0.140923762,washout,434.154223653253,5.31313892647538,111.473126070711,20.9806533601521,309.013610227439,7.72534025568598,1,1.25,1.12,0.82
tailored_30,[30/-30/0/90/90/0/-30/30],2.41428,24287.8212893273,15857.5485755931,3168.18355254941,33.85280076,-0.106700418,washout,295.839880435435,10.8016341453882,75.9596348298193,7.03223547543039,238.278100782505,5.95695251956263,1,1.25,1.106700418,0.939064958632
tailored_20,[20/-20/0/0/0/0/-20/20],2.41428,38166.224943793,10928.0548771345,3347.5334473144,21.54288972,-0.070020908,washout,245.58968761538,13.5405026645419,63.0574314787333,4.65694908386671,195.76189299923,4.89404732498076,1,1.25,1.070020908,0.961222798504
