Name,Layup,RootBendingMoment_Nm,RootTorque_Nm,TipDeflection_m,TipDeflection_mm,TipTwistTotal_deg,TipTwistAero_deg,TipTwistCoupling_deg,WashBehavior,EI_avg_Nm2,GJ_avg_Nm2,Kbt_indicator_avg_Nm2
baseline_quasi_iso,[0/45/-45/90/90/-45/45/0],570.451223692329,20.5746022545907,0.0471934102361599,47.1934102361599,-0.0098800780753133,0.058261268069045,-0.0681413461443584,washout,17519.4725510565,19625.3827800669,1074.26358785073
axial_stiff,[0/0/45/-45/-45/45/0/0],570.451223692329,20.5746022545907,0.0320215790564925,32.0215790564925,0.0318918962945835,0.058261268069045,-0.0263693717744615,wash-in,25820.2024879692,19625.3827800669,612.686832403131
torsion_stiff,[45/-45/45/-45/-45/45/-45/45],570.451223692329,20.5746022545907,0.139917226743926,139.917226743926,-0.140923761615269,0.0332941491147564,-0.174217910730025,washout,5909.23415553648,34342.3609705745,1621.11988513913
tailored_30,[30/-30/0/90/90/0/-30/30],570.451223692329,20.5746022545907,0.0338528007645706,33.8528007645706,-0.106700418147416,0.0717038614892365,-0.178404279636652,washout,24423.4933757227,15946.13823244,3185.88106718185
tailored_20,[20/-20/0/0/0/0/-20/20],570.451223692329,20.5746022545907,0.0215428897231506,21.5428897231506,-0.0700209078024399,0.104048477007769,-0.174069384810209,washout,38379.4219739538,10989.1054630403,3366.23281279743
